1/5/15,Week 1,images/week1.png,The day we met,I saw you dancing in your red dress and black knee length socks. My jaw dropped. I stole a balloon and told you to take me out for a coffee.
8/5/15,Week 2,images/week2.png,Test 2,Test 2XX
15/5/15,Week 3,images/week3.png,Test 3,Test 3XX
22/5/15,Week 4,images/week4.png,,
29/5/15,Week 5,images/week5.png,,
5/6/15,Week 6,images/week6.png,,
12/6/15,Week 7,images/week7.png,,
19/6/15,Week 8,images/week8.png,,
26/6/15,Week 9,images/week9.png,,
3/7/15,Week 10,images/week10.png,,
10/7/15,Week 11,images/week11.png,,
17/7/15,Week 12,images/week12.png,,
24/7/15,Week 13,images/week13.png,,
31/7/15,Week 14,images/week14.png,,
7/8/15,Week 15,images/week15.png,,
14/8/15,Week 16,images/week16.png,,
21/8/15,Week 17,images/week17.png,,
28/8/15,Week 18,images/week18.png,,
4/9/15,Week 19,images/week19.png,,
11/9/15,Week 20,images/week20.png,,
18/9/15,Week 21,images/week21.png,,
25/9/15,Week 22,images/week22.png,,
2/10/15,Week 23,images/week23.png,,
9/10/15,Week 24,images/week24.png,,
16/10/15,Week 25,images/week25.png,,
23/10/15,Week 26,images/week26.png,,
30/10/15,Week 27,images/week27.png,,
6/11/15,Week 28,images/week28.png,,
13/11/15,Week 29,images/week29.png,,
20/11/15,Week 30,images/week30.png,,
27/11/15,Week 31,images/week31.png,,
4/12/15,Week 32,images/week32.png,,
11/12/15,Week 33,images/week33.png,,
18/12/15,Week 34,images/week34.png,,
25/12/15,Week 35,images/week35.png,,
1/1/16,Week 36,images/week36.png,,
8/1/16,Week 37,images/week37.png,,
15/1/16,Week 38,images/week38.png,,
22/1/16,Week 39,images/week39.png,,
29/1/16,Week 40,images/week40.png,,
5/2/16,Week 41,images/week41.png,,
12/2/16,Week 42,images/week42.png,,
19/2/16,Week 43,images/week43.png,,
26/2/16,Week 44,images/week44.png,,
4/3/16,Week 45,images/week45.png,,
11/3/16,Week 46,images/week46.png,,
18/3/16,Week 47,images/week47.png,,
25/3/16,Week 48,images/week48.png,,
1/4/16,Week 49,images/week49.png,,
8/4/16,Week 50,images/week50.png,,
15/4/16,Week 51,images/week51.png,,
22/4/16,Week 52,images/week52.png,,
29/4/16,Week 53,images/week53.png,,
6/5/16,Week 54,images/week54.png,,
13/5/16,Week 55,images/week55.png,,
20/5/16,Week 56,images/week56.png,,
27/5/16,Week 57,images/week57.png,,
3/6/16,Week 58,images/week58.png,,
10/6/16,Week 59,images/week59.png,,
17/6/16,Week 60,images/week60.png,,
24/6/16,Week 61,images/week61.png,,
1/7/16,Week 62,images/week62.png,,
8/7/16,Week 63,images/week63.png,,
15/7/16,Week 64,images/week64.png,,
22/7/16,Week 65,images/week65.png,,
29/7/16,Week 66,images/week66.png,,
5/8/16,Week 67,images/week67.png,,
12/8/16,Week 68,images/week68.png,,
19/8/16,Week 69,images/week69.png,,
26/8/16,Week 70,images/week70.png,,
2/9/16,Week 71,images/week71.png,,
9/9/16,Week 72,images/week72.png,,
16/9/16,Week 73,images/week73.png,,
23/9/16,Week 74,images/week74.png,,
30/9/16,Week 75,images/week75.png,,
7/10/16,Week 76,images/week76.png,,
14/10/16,Week 77,images/week77.png,,
21/10/16,Week 78,images/week78.png,,
28/10/16,Week 79,images/week79.png,,
4/11/16,Week 80,images/week80.png,,
11/11/16,Week 81,images/week81.png,,
18/11/16,Week 82,images/week82.png,,
25/11/16,Week 83,images/week83.png,,
2/12/16,Week 84,images/week84.png,,
9/12/16,Week 85,images/week85.png,,
16/12/16,Week 86,images/week86.png,,
23/12/16,Week 87,images/week87.png,,
30/12/16,Week 88,images/week88.png,,
6/1/17,Week 89,images/week89.png,,
13/1/17,Week 90,images/week90.png,,
20/1/17,Week 91,images/week91.png,,
27/1/17,Week 92,images/week92.png,,
3/2/17,Week 93,images/week93.png,,
10/2/17,Week 94,images/week94.png,,
17/2/17,Week 95,images/week95.png,,
24/2/17,Week 96,images/week96.png,,
3/3/17,Week 97,images/week97.png,,
10/3/17,Week 98,images/week98.png,,
17/3/17,Week 99,images/week99.png,,
24/3/17,Week 100,images/week100.png,,
31/3/17,Week 101,images/week101.png,,
7/4/17,Week 102,images/week102.png,,
14/4/17,Week 103,images/week103.png,,
21/4/17,Week 104,images/week104.png,,
28/4/17,Week 105,images/week105.png,,
,,,,